Year,District,Population,Population_Growth_percent,Urbanization_rate,Per_Capita_Income,Avg_Mandi_Price,MSP,Price_Change_percent,Export_Quantity_tons,Import_Quantity_tons,Global_Price_Index,Processing_Industry_Demand,Govt_Procurement_Target,Total_Demand_tons
2015,Barmer,1200000,2.15,26.0,126754.98,1325.09,1275,11.94,5575.25,719.13,100.65,15675.67,1417.16,41331.47
2015,Jaisalmer,650000,1.91,26.06,113802.4,1542.69,1275,7.53,2153.3,491.95,147.61,5250.69,12281.47,36585.72
2015,Jodhpur,3200000,1.61,31.22,242726.22,1382.91,1275,-2.87,1225.37,685.62,134.24,56593.73,11216.25,162713.89
2015,Bikaner,2300000,2.75,40.14,173846.91,1634.25,1275,9.23,6962.8,483.01,140.8,19664.75,4190.58,74680.57
2015,Nagaur,3300000,1.14,34.31,97170.24,1353.02,1275,9.62,3236.24,327.64,108.62,36972.32,14113.16,144365.8
2015,Pune,9400000,2.1,31.85,203951.56,1294.59,1275,3.73,7921.43,530.0,131.2,152424.49,12799.93,487177.18
2015,Nashik,6100000,1.41,26.28,133627.02,1347.8,1275,-0.15,7571.82,707.28,115.45,96778.11,6538.85,316060.36
2015,Aurangabad,3700000,1.83,35.6,121926.68,1497.55,1275,1.04,4884.39,723.37,120.96,39337.84,14965.53,149721.0
2015,Solapur,4300000,1.16,26.88,98640.35,1531.25,1275,13.22,3666.2,97.65,119.81,85799.86,8407.6,241948.99
2015,Ahmednagar,4500000,2.55,25.46,202522.71,1558.92,1275,7.35,2501.19,530.72,102.25,59477.32,7352.13,235127.87
2015,Bidar,1700000,2.58,35.54,165099.64,1302.36,1275,15.99,7028.89,273.83,136.53,26022.99,3139.75,84844.64
2015,Kalaburagi,2600000,1.97,56.15,170160.12,1211.54,1275,2.46,646.08,746.82,152.12,46747.96,5305.2,98081.04
2015,Raichur,1900000,2.58,62.88,94561.09,1459.11,1275,-3.41,6204.52,624.38,103.35,26036.44,8697.25,73302.4
2015,Vijayapura,2100000,2.57,41.93,116005.69,1486.29,1275,11.79,2008.63,283.79,159.68,33176.93,7133.4,94551.38
2015,Dharwad,1800000,1.22,33.99,137474.55,1511.29,1275,0.29,2151.63,103.24,136.02,19345.14,13675.88,93162.74
2015,Anantapur,4100000,1.13,34.52,193726.22,1320.51,1275,-1.96,7516.36,478.28,125.72,71403.28,12304.96,169285.14
2015,Kurnool,4000000,1.17,42.24,152008.37,1449.43,1275,11.77,5550.23,788.12,101.4,51325.82,5750.24,193403.24
2015,Kadapa,2900000,1.45,32.61,156264.3,1426.41,1275,1.41,2373.55,742.45,123.8,53174.95,8704.55,111261.42
2015,Prakasam,3400000,2.8,58.44,244729.36,1683.7,1275,14.52,1747.33,414.23,108.89,43562.44,1820.9,131933.58
2015,Guntur,4900000,2.77,35.61,213292.0,1443.3,1275,4.73,7679.88,796.57,131.12,81442.41,3167.16,199325.18
2015,Nizamabad,2500000,2.74,48.17,172173.18,1592.72,1275,-3.69,4881.33,427.14,150.43,24722.98,14450.9,83375.53
2015,Adilabad,2700000,1.33,48.8,194786.13,1331.2,1275,-2.24,7177.15,234.66,133.64,41667.96,6869.15,128468.23
2015,Karimnagar,3700000,1.94,62.39,114724.06,1576.51,1275,0.49,3468.39,553.77,114.5,43638.27,11526.1,116656.77
2015,Warangal,3500000,1.82,64.94,249336.4,1248.61,1275,-0.1,2489.0,749.94,152.26,64929.35,6173.38,145558.82
2015,Nalgonda,3600000,2.5,53.14,183985.22,1714.74,1275,10.04,558.67,662.83,114.46,57458.39,14145.02,139468.75
2015,Villupuram,3400000,1.21,29.28,174048.02,1350.15,1275,8.91,5882.09,202.7,136.23,37970.54,7839.45,168233.33
2015,Tiruvannamalai,2800000,2.52,28.69,152007.88,1352.36,1275,-4.92,6283.39,527.84,112.03,47305.36,8723.53,126299.35
2015,Salem,3500000,1.02,28.01,230128.09,1672.25,1275,7.55,6759.46,486.88,104.63,33352.71,5315.62,167289.81
2015,Dharmapuri,1500000,2.43,59.43,232817.19,1318.39,1275,0.74,1270.95,635.09,152.47,19314.79,9689.26,60181.13
2015,Namakkal,1700000,2.67,59.58,245955.03,1624.74,1275,15.27,685.9,602.42,116.59,32588.64,12231.29,107050.26
2015,Shivpuri,1700000,2.46,35.67,213853.67,1266.38,1275,15.06,6939.45,216.83,148.08,22990.19,5272.67,87877.79
2015,Guna,1300000,1.41,25.95,112832.06,1378.66,1275,14.88,7751.67,259.34,136.7,16634.98,14736.1,65629.83
2015,Vidisha,1500000,2.69,29.61,244968.1,1302.32,1275,17.14,2491.0,131.3,123.25,25113.81,5391.48,77801.93
2015,Sehore,1400000,1.92,40.41,178019.97,1341.16,1275,11.3,512.68,744.18,130.0,23286.42,11387.3,78123.68
2015,Raisen,1300000,1.66,27.8,192920.41,1379.65,1275,2.22,6860.11,589.82,114.52,15224.84,6717.5,55014.42
2015,Agra,4400000,1.53,30.09,151475.88,1690.84,1275,10.58,7271.04,511.64,114.56,64131.08,1005.68,159718.45
2015,Mathura,2600000,1.77,48.2,191299.96,1448.39,1275,5.17,2102.76,404.89,153.58,45635.97,3375.68,96596.44
2015,Firozabad,2500000,1.93,50.32,136982.0,1628.65,1275,12.28,5545.97,218.48,107.94,20732.76,4427.8,88112.0
2015,Mainpuri,1800000,2.53,27.91,150454.97,1532.43,1275,-0.53,5722.66,420.78,110.86,28570.85,1077.63,86322.36
2015,Etawah,1600000,2.39,29.26,152274.85,1300.95,1275,17.03,4384.68,87.66,111.2,29088.06,7390.47,89603.62
2016,Barmer,1226400,2.2,64.82,193912.78,1768.92,1330,15.5,5094.89,589.46,129.31,22034.52,8670.21,74224.6
2016,Jaisalmer,665210,2.34,44.29,132746.94,1395.03,1330,9.67,6243.6,440.97,137.24,7513.66,2084.77,24033.86
2016,Jodhpur,3247679,1.49,38.09,183853.69,1337.12,1330,0.32,5704.62,579.81,100.67,41866.45,8596.56,134003.4
2016,Bikaner,2331510,1.37,42.11,250190.12,1574.23,1330,11.0,6925.49,624.2,121.22,18817.04,5924.62,105274.09
2016,Nagaur,3383820,2.54,63.44,161819.97,1661.18,1330,7.56,5024.39,215.4,110.76,44768.05,1406.35,123713.85
2016,Pune,9608680,2.22,41.47,115621.64,1512.15,1330,-2.06,5166.93,70.22,122.11,141946.18,1379.43,416713.28
2016,Nashik,6175640,1.24,43.77,94746.77,1465.18,1330,-0.13,2951.34,620.92,121.14,105134.82,12646.94,242123.9
2016,Aurangabad,3742550,1.15,26.08,183720.32,1795.45,1330,3.05,5376.08,635.92,138.86,63813.47,14294.56,153794.26
2016,Solapur,4344720,1.04,31.4,108559.6,1619.65,1330,7.97,2134.73,574.6,146.35,43505.72,9501.46,183970.25
2016,Ahmednagar,4554450,1.21,58.07,261082.71,1321.01,1330,-4.41,2839.68,558.01,158.78,58114.11,11010.21,158048.1
2016,Bidar,1738080,2.24,50.39,104135.85,1674.46,1330,14.56,5003.09,140.79,160.45,30228.03,5860.85,76953.35
2016,Kalaburagi,2643420,1.67,45.54,147669.95,1715.47,1330,13.91,1291.54,770.59,137.81,47434.82,10902.32,123313.74
2016,Raichur,1944080,2.32,63.92,134727.99,1693.46,1330,7.38,4126.23,376.68,144.02,21814.03,12923.98,97791.49
2016,Vijayapura,2124360,1.16,60.57,129958.76,1510.72,1330,9.04,3342.42,71.52,151.81,21630.4,3969.68,93710.35
2016,Dharwad,1828980,1.61,60.51,213145.32,1410.47,1330,-4.77,7610.47,114.21,143.3,25355.03,11614.31,96321.31
2016,Anantapur,4188560,2.16,44.93,229834.49,1313.0,1330,0.1,5688.4,279.65,134.3,57295.84,8432.91,179101.55
2016,Kurnool,4093600,2.34,38.53,213449.31,1407.63,1330,0.78,1404.92,194.44,104.27,59072.15,11670.65,157016.09
2016,Kadapa,2940310,1.39,44.67,217402.01,1783.05,1330,7.07,2622.49,125.39,109.12,31548.93,3512.18,84431.12
2016,Prakasam,3466640,1.96,36.27,262824.25,1557.89,1330,11.04,1447.1,701.35,128.41,64037.98,9036.9,171362.34
2016,Guntur,4987710,1.79,32.67,94945.42,1764.15,1330,5.99,6665.87,350.53,101.32,77575.59,1750.53,167393.66
2016,Nizamabad,2550250,2.01,37.45,266393.71,1326.52,1330,12.58,5047.38,643.06,111.17,36394.29,7307.2,115894.32
2016,Adilabad,2768850,2.55,64.9,141148.67,1593.89,1330,9.02,6050.67,760.69,110.01,29162.37,10245.99,91652.39
2016,Karimnagar,3748470,1.31,28.3,86086.71,1503.17,1330,8.66,2684.44,223.61,142.45,61609.29,7356.44,175969.91
2016,Warangal,3593100,2.66,56.81,199298.05,1615.25,1330,16.47,3688.54,458.42,138.6,67912.96,12572.84,145138.87
2016,Nalgonda,3646799,1.3,37.6,221835.41,1566.32,1330,1.64,1432.65,566.51,141.98,70427.4,8006.61,180177.85
2016,Villupuram,3438760,1.14,26.89,164186.01,1434.98,1330,0.76,1184.95,771.43,150.84,51245.74,14311.01,194984.08
2016,Tiruvannamalai,2861880,2.21,36.08,92918.14,1665.84,1330,5.82,5386.32,737.05,108.3,42996.76,9886.99,123057.42
2016,Salem,3540600,1.16,39.22,146228.8,1620.01,1330,14.73,2973.53,570.26,115.23,68483.43,12389.92,176892.58
2016,Dharmapuri,1527300,1.82,37.88,144403.5,1779.64,1330,4.3,4359.47,791.09,139.25,22162.84,6785.47,58401.6
2016,Namakkal,1728050,1.65,55.56,199361.85,1667.81,1330,-0.32,4619.15,745.75,124.98,28303.73,2699.97,95972.65
2016,Shivpuri,1735699,2.1,34.87,114408.99,1556.55,1330,7.7,1199.07,794.19,155.84,23496.81,2644.53,81985.92
2016,Guna,1324699,1.9,53.96,178163.82,1408.96,1330,14.2,7851.83,232.8,132.33,16695.22,13906.15,66992.21
2016,Vidisha,1538700,2.58,59.86,135849.4,1683.78,1330,4.54,7506.86,430.8,149.84,17532.05,5179.78,64997.04
2016,Sehore,1439200,2.8,44.89,112629.51,1550.02,1330,2.94,4639.38,457.57,126.1,17070.82,3641.13,63024.5
2016,Raisen,1326390,2.03,34.64,226671.54,1286.72,1330,12.13,5789.21,658.56,121.6,21174.84,12490.47,86485.83
2016,Agra,4483160,1.89,26.78,176966.76,1577.48,1330,15.0,7056.43,380.23,130.69,60447.06,11114.21,183530.94
2016,Mathura,2656680,2.18,31.47,171000.34,1779.12,1330,2.79,5695.28,537.38,151.86,48426.22,13030.79,124750.26
2016,Firozabad,2539250,1.57,54.05,223735.19,1727.61,1330,-4.17,1013.16,523.37,156.36,50706.57,11454.73,128875.87
2016,Mainpuri,1821240,1.18,50.65,244322.16,1499.54,1330,10.96,7275.68,84.49,148.25,20981.44,6247.78,64726.35
2016,Etawah,1631360,1.96,47.94,229759.29,1353.93,1330,-3.18,7031.3,514.78,112.15,30920.71,3003.65,79277.0
2017,Barmer,1235039,1.46,35.81,93021.22,1812.39,1425,15.73,5582.08,168.48,126.71,15001.76,9226.0,58037.55
2017,Jaisalmer,672879,1.76,35.6,255019.9,1467.3,1425,3.85,4124.06,227.9,135.17,10024.38,14897.69,41401.16
2017,Jodhpur,3376639,2.76,51.93,144394.3,1676.33,1425,10.77,6085.02,86.78,137.42,47140.34,13658.17,133968.03
2017,Bikaner,2412240,2.44,49.88,159479.8,1716.62,1425,9.28,5583.23,590.7,140.85,43565.16,9795.47,137706.55
2017,Nagaur,3442559,2.16,37.96,176631.53,1684.11,1425,11.84,1176.0,271.33,146.59,34796.29,2850.24,133232.22
2017,Pune,9917000,2.75,46.83,268233.78,1827.12,1425,0.91,6685.17,411.39,150.42,168179.55,5742.01,372066.02
2017,Nashik,6433060,2.73,31.23,278507.74,1844.03,1425,11.66,7849.57,775.45,150.3,79701.11,12069.55,206104.12
2017,Aurangabad,3845780,1.97,43.79,221594.14,1736.98,1425,8.44,6668.13,755.22,105.04,41556.97,1350.35,183261.98
2017,Solapur,4472860,2.01,62.21,134100.96,1389.78,1425,13.95,7320.41,276.64,124.54,43285.32,14247.66,157202.05
2017,Ahmednagar,4670100,1.89,29.49,263150.85,1431.08,1425,5.43,5528.65,607.36,159.49,60849.17,11391.77,172155.9
2017,Bidar,1759499,1.75,29.56,186035.46,1586.38,1425,16.88,745.37,327.9,126.82,34146.0,12976.3,79805.96
2017,Kalaburagi,2715960,2.23,47.38,280705.88,1558.19,1425,4.16,1923.56,141.62,153.12,36547.61,10278.76,136746.87
2017,Raichur,1978660,2.07,26.45,243680.79,1492.58,1425,-2.1,4734.33,101.46,147.74,20748.01,4023.32,99005.5
2017,Vijayapura,2166780,1.59,31.5,265722.91,1355.37,1425,14.74,1585.16,147.49,114.29,21871.4,10254.81,72183.69
2017,Dharwad,1837080,1.03,57.2,137311.15,1538.3,1425,-0.99,892.99,606.29,132.2,31134.8,7667.44,97689.62
2017,Anantapur,4257440,1.92,29.96,188843.94,1892.64,1425,-4.0,6374.2,700.24,131.89,57460.58,14496.37,146000.13
2017,Kurnool,4148799,1.86,41.66,224165.69,1633.2,1425,15.92,1051.18,110.59,137.54,36460.42,4850.22,170699.09
2017,Kadapa,3015420,1.99,38.61,283958.86,1656.17,1425,5.44,5040.7,124.38,143.62,54981.7,10112.83,173595.46
2017,Prakasam,3556400,2.3,34.2,178711.34,1483.99,1425,2.8,3901.24,361.99,104.18,46664.12,10311.51,144475.07
2017,Guntur,5024460,1.27,62.52,104210.44,1827.86,1425,-2.86,1224.23,604.1,150.77,73741.23,9210.51,214126.63
2017,Nizamabad,2579500,1.59,30.49,159727.31,1732.99,1425,12.26,7010.69,590.8,160.95,39221.09,5923.05,117514.64
2017,Adilabad,2774520,1.38,51.87,134658.66,1415.43,1425,14.44,3256.71,621.95,135.32,49071.98,12832.17,162898.31
2017,Karimnagar,3882780,2.47,50.14,215755.1,1368.71,1425,16.37,6720.96,250.59,109.73,63803.34,5325.79,165628.9
2017,Warangal,3570700,1.01,60.39,200953.03,1582.2,1425,-1.74,5248.79,72.99,146.5,37783.7,6877.65,131026.1
2017,Nalgonda,3720240,1.67,54.46,241750.74,1677.28,1425,-3.05,894.57,168.06,138.16,59849.82,4809.44,184546.29
2017,Villupuram,3527160,1.87,43.28,144139.73,1784.07,1425,-2.38,3724.35,262.43,142.1,48814.46,10339.86,117360.0
2017,Tiruvannamalai,2895760,1.71,49.57,92689.76,1525.56,1425,-0.14,1529.26,241.64,119.33,23434.69,11458.2,88801.88
2017,Salem,3617600,1.68,53.75,188150.84,1828.76,1425,13.54,1040.57,696.32,100.75,29754.39,13896.27,169242.4
2017,Dharmapuri,1561200,2.04,48.54,228700.9,1591.84,1425,-2.35,656.42,293.58,150.09,24069.81,12648.36,95906.67
2017,Namakkal,1739440,1.16,59.38,138354.73,1689.41,1425,7.05,3468.25,282.71,120.07,20867.75,3353.86,69770.07
2017,Shivpuri,1741140,1.21,46.0,266767.83,1552.89,1425,11.73,6642.11,661.28,113.36,16988.88,3761.81,76139.11
2017,Guna,1361620,2.37,51.82,125530.92,1794.27,1425,6.36,6158.34,619.91,127.18,25993.12,8902.88,73316.55
2017,Vidisha,1563600,2.12,60.17,212754.73,1439.8,1425,-3.43,3816.56,277.12,115.85,13562.77,8102.72,59189.84
2017,Sehore,1450680,1.81,27.88,252382.81,1397.49,1425,14.88,6914.7,511.26,130.96,19660.4,8760.43,80967.08
2017,Raisen,1367860,2.61,43.59,248142.32,1725.3,1425,2.4,4067.22,163.15,102.02,12641.79,13587.78,60436.29
2017,Agra,4601520,2.29,45.78,124641.92,1494.96,1425,5.07,3795.66,442.06,108.32,57400.39,4960.51,173216.69
2017,Mathura,2683720,1.61,49.52,244152.18,1722.71,1425,-3.48,1208.79,558.78,116.47,44777.34,10191.9,156303.85
2017,Firozabad,2628499,2.57,38.93,204134.92,1434.36,1425,3.05,7757.72,573.86,123.48,39796.78,14132.03,116504.47
2017,Mainpuri,1860480,1.68,57.27,248795.21,1735.72,1425,14.07,6040.81,564.06,132.22,29306.84,6927.69,83534.03
2017,Etawah,1652799,1.65,32.81,132710.54,1893.92,1425,6.18,2199.07,153.17,103.02,29970.44,2415.97,83568.83
2018,Barmer,1290000,2.5,61.25,104564.66,2115.18,1950,12.63,1482.87,332.54,110.05,23189.22,11795.37,75846.9
2018,Jaisalmer,675350,1.3,43.41,181313.62,2380.06,1950,0.46,3831.49,263.7,148.15,9041.0,8476.16,32929.64
2018,Jodhpur,3436160,2.46,44.66,268582.82,2139.42,1950,16.78,7883.3,396.26,117.82,43235.38,8384.44,190448.33
2018,Bikaner,2470430,2.47,57.95,125268.58,2047.5,1950,9.75,7055.88,465.91,106.17,44840.05,12916.32,110945.19
2018,Nagaur,3534630,2.37,36.81,283021.49,1967.43,1950,5.06,7598.1,216.53,128.82,43104.89,1373.38,112729.96
2018,Pune,9935800,1.9,35.33,301373.86,2144.93,1950,-4.35,7481.19,679.38,141.75,173842.4,2926.39,425910.52
2018,Nashik,6555670,2.49,53.74,125349.66,2402.82,1950,5.32,539.38,109.42,116.14,118130.27,8683.26,324580.73
2018,Aurangabad,3916450,1.95,30.35,156062.49,2087.4,1950,-3.9,3648.69,645.42,129.21,36541.63,13672.06,162926.32
2018,Solapur,4432870,1.03,46.52,146566.67,1964.49,1950,4.87,5111.07,230.42,126.58,70803.82,2198.6,235962.89
2018,Ahmednagar,4651200,1.12,46.94,201157.31,2623.4,1950,7.75,3428.4,402.6,140.82,91965.73,4551.1,173671.98
2018,Bidar,1823420,2.42,39.69,247565.97,2342.54,1950,12.74,6013.9,299.39,102.38,26534.71,12389.12,77520.52
2018,Kalaburagi,2787200,2.4,44.48,239841.57,2345.25,1950,13.66,973.25,632.14,129.25,32112.2,1613.29,93868.44
2018,Raichur,1961560,1.08,63.23,202814.4,2624.02,1950,7.49,2399.85,614.97,111.92,24095.2,11931.78,104741.69
2018,Vijayapura,2200800,1.6,30.88,172501.54,2546.3,1950,12.1,7209.78,339.98,162.79,30710.93,7965.33,116727.68
2018,Dharwad,1904220,1.93,57.95,246360.63,1914.06,1950,8.86,6667.56,459.11,120.38,17063.39,10252.87,74332.45
2018,Anantapur,4355840,2.08,42.94,238684.62,2126.71,1950,-4.03,7025.28,314.42,164.38,49197.75,14720.38,233752.99
2018,Kurnool,4136800,1.14,51.4,171533.1,2477.35,1950,10.63,7645.92,157.08,138.99,71879.98,1487.19,145174.85
2018,Kadapa,3108800,2.4,40.55,175553.15,2294.95,1950,8.92,5592.97,761.62,123.68,53337.72,9034.9,147984.02
2018,Prakasam,3575440,1.72,51.88,148145.12,1940.99,1950,11.92,4242.83,340.24,136.01,39835.12,4644.06,135894.86
2018,Guntur,5310130,2.79,37.32,285319.71,2235.64,1950,-2.18,6896.2,389.03,157.91,70844.22,2229.07,253686.82
2018,Nizamabad,2689000,2.52,38.68,168265.38,1903.15,1950,7.47,7184.99,688.52,145.77,51434.91,9927.8,151927.56
2018,Adilabad,2855520,1.92,30.75,138141.66,1960.82,1950,13.18,697.13,465.52,123.48,50382.63,8723.06,141363.78
2018,Karimnagar,3828760,1.16,38.27,302416.7,2413.22,1950,7.09,6268.73,667.5,104.29,75306.18,9992.74,194956.41
2018,Warangal,3733100,2.22,39.68,277396.4,2461.11,1950,9.72,1864.72,774.7,127.62,70662.16,1775.78,148539.58
2018,Nalgonda,3738240,1.28,32.49,163171.32,2405.78,1950,2.96,7556.78,721.19,154.49,41147.79,9890.8,153922.45
2018,Villupuram,3525460,1.23,38.01,206536.43,2244.51,1950,-1.12,7562.05,165.65,142.32,58690.42,9471.94,192748.41
2018,Tiruvannamalai,2968840,2.01,58.91,102636.43,1887.96,1950,9.75,4825.78,538.35,149.35,38592.07,9945.88,124561.02
2018,Salem,3723650,2.13,37.49,293582.94,2229.2,1950,13.51,5637.43,273.08,104.24,32466.34,7154.48,149574.23
2018,Dharmapuri,1561649,1.37,50.17,161098.22,2412.82,1950,11.89,6955.83,781.53,108.0,19437.04,8863.12,63543.04
2018,Namakkal,1793839,1.84,36.6,147796.91,1928.01,1950,1.67,3381.12,511.53,115.64,32977.38,3235.8,77535.34
2018,Shivpuri,1804039,2.04,38.41,253774.07,2241.15,1950,6.84,4240.7,281.41,101.01,34895.15,8076.22,114588.71
2018,Guna,1354210,1.39,40.02,107196.16,2238.52,1950,15.29,5406.95,402.94,134.38,24600.67,7032.99,76377.89
2018,Vidisha,1603949,2.31,56.45,172073.31,2164.95,1950,8.12,1959.91,464.92,104.28,22537.19,11701.66,69915.0
2018,Sehore,1516760,2.78,53.12,121239.43,2613.06,1950,4.06,6461.73,304.31,160.53,25875.29,3786.81,68080.67
2018,Raisen,1374100,1.9,27.71,124988.38,2112.27,1950,5.9,3927.41,504.7,133.01,16400.69,9582.95,51971.14
2018,Agra,4766960,2.78,55.47,158352.5,2114.87,1950,14.05,4492.55,581.55,118.99,84799.38,6157.01,236099.25
2018,Mathura,2815280,2.76,49.25,260692.47,2418.25,1950,10.83,699.85,405.94,162.36,48971.37,11866.27,146978.85
2018,Firozabad,2672500,2.3,49.24,131874.33,2343.14,1950,9.25,6808.75,160.83,143.75,22392.47,14274.87,84038.28
2018,Mainpuri,1855619,1.03,38.45,127949.41,2391.09,1950,4.44,6312.29,740.39,156.23,31230.16,1871.94,66860.04
2018,Etawah,1665759,1.37,38.9,233020.05,2262.37,1950,2.22,1798.87,734.09,121.75,20407.95,11807.86,87813.42
2019,Barmer,1303680,2.16,53.93,235152.66,2053.81,2000,0.67,4685.65,218.65,164.24,15085.37,5046.06,48886.1
2019,Jaisalmer,709020,2.27,38.88,178299.57,2646.96,2000,13.29,2550.93,141.41,144.98,8902.69,14722.25,47261.22
2019,Jodhpur,3548160,2.72,58.38,165602.5,2130.1,2000,11.43,3097.73,381.78,117.67,48783.48,3828.95,151235.93
2019,Bikaner,2546560,2.68,54.05,132270.59,2392.54,2000,8.5,2318.44,552.38,135.52,39867.25,1734.88,102723.76
2019,Nagaur,3602279,2.29,30.22,270118.69,1904.15,2000,7.66,7468.25,355.18,161.78,66789.12,7684.28,156272.56
2019,Pune,10430240,2.74,39.05,242947.39,2626.35,2000,-2.94,4806.0,451.36,148.0,200678.16,13785.22,431852.58
2019,Nashik,6731959,2.59,33.23,302512.54,2697.74,2000,4.13,4215.38,752.46,163.54,128664.41,13274.4,262552.77
2019,Aurangabad,3998960,2.02,30.49,316299.47,2127.65,2000,17.75,4574.75,420.43,162.01,72831.93,7552.29,173012.75
2019,Solapur,4506400,1.2,32.7,202259.79,2105.81,2000,-0.72,6024.63,643.08,137.91,77002.63,3456.93,242057.03
2019,Ahmednagar,4969800,2.61,59.28,214525.07,1969.39,2000,10.39,1885.86,155.46,122.03,54551.33,4650.99,170506.94
2019,Bidar,1860480,2.36,64.36,168103.41,2478.31,2000,-4.74,5402.63,569.58,105.04,17523.3,5295.29,68480.2
2019,Kalaburagi,2797600,1.9,62.0,255494.01,2148.78,2000,-2.3,7370.98,271.28,140.95,29737.21,2869.96,91568.9
2019,Raichur,2078600,2.35,50.43,192888.01,2339.39,2000,5.83,4531.38,548.07,115.2,22801.38,11566.35,108187.73
2019,Vijayapura,2196600,1.15,44.07,255539.51,1962.48,2000,7.98,963.19,460.74,133.86,32668.76,3097.93,91549.24
2019,Dharwad,1939679,1.94,30.85,147095.36,2366.52,2000,-2.91,4327.82,656.52,130.47,27463.86,7395.18,67683.7
2019,Anantapur,4400120,1.83,58.48,259785.75,2216.76,2000,13.78,6093.53,483.73,103.94,53392.58,1892.64,234404.51
2019,Kurnool,4428800,2.68,28.96,305589.56,1925.39,2000,4.4,6267.29,624.37,164.59,69756.12,6885.07,266547.72
2019,Kadapa,3096040,1.69,60.98,299712.57,2200.52,2000,10.7,5463.44,454.48,143.48,37688.83,3498.63,137433.66
2019,Prakasam,3665200,1.95,55.31,150857.39,1902.78,2000,-4.48,2737.72,555.12,136.39,52717.32,12527.05,143927.83
2019,Guntur,5217520,1.62,37.23,306380.49,2480.02,2000,-2.4,6571.09,364.43,150.79,97072.37,1219.04,217707.73
2019,Nizamabad,2618000,1.18,27.54,232477.99,2462.63,2000,-3.88,6054.06,351.7,116.23,27769.73,13092.22,88400.14
2019,Adilabad,2906280,1.91,37.77,279915.09,2485.21,2000,2.33,4984.38,554.4,121.84,33774.38,3005.65,132750.23
2019,Karimnagar,3907200,1.4,38.22,115664.38,2658.82,2000,15.23,7336.83,519.49,128.77,54495.47,14612.06,201499.56
2019,Warangal,3809400,2.21,57.63,171756.62,2233.06,2000,-1.57,3323.45,615.81,131.78,69300.95,5210.31,194337.88
2019,Nalgonda,3952800,2.45,62.79,224775.18,2674.23,2000,7.82,1505.7,232.14,114.22,62297.99,13911.17,215879.13
2019,Villupuram,3559120,1.17,55.18,143848.8,2114.77,2000,10.49,5021.92,705.22,113.23,61004.59,11140.27,170691.81
2019,Tiruvannamalai,3008320,1.86,60.98,174853.03,2665.62,2000,-4.65,7528.7,771.56,108.63,60150.95,7704.89,131065.2
2019,Salem,3792599,2.09,34.38,301531.52,2341.66,2000,12.84,3354.96,450.24,124.35,42244.77,8179.43,164017.17
2019,Dharmapuri,1570799,1.18,65.45,204561.12,2571.78,2000,16.03,3280.29,360.45,137.56,16737.32,3042.92,54469.16
2019,Namakkal,1882240,2.68,49.37,193264.99,2021.93,2000,2.59,3348.8,675.02,133.45,29843.47,10587.85,82600.72
2019,Shivpuri,1868640,2.48,64.86,242032.71,2292.48,2000,-1.13,6462.32,176.95,147.82,25898.97,13836.59,95030.38
2019,Guna,1412320,2.16,28.55,109760.05,2577.36,2000,16.74,5511.62,623.25,127.81,25577.87,4240.07,70979.09
2019,Vidisha,1561200,1.02,46.43,183608.47,2394.27,2000,10.34,5123.9,412.4,132.71,12613.48,8723.01,47071.63
2019,Sehore,1509200,1.95,37.19,315099.51,1913.71,2000,13.7,5555.25,654.63,160.14,14011.71,2348.39,50015.8
2019,Raisen,1370200,1.35,47.26,279790.65,2113.86,2000,4.13,3297.89,354.52,137.73,27243.41,4162.0,78286.93
2019,Agra,4845280,2.53,52.35,289148.49,2507.67,2000,-2.85,3344.48,464.53,104.65,39311.7,3399.37,185443.64
2019,Mathura,2785120,1.78,57.58,225530.4,2586.37,2000,-2.81,4461.19,81.91,114.74,51294.68,13425.76,140625.49
2019,Firozabad,2607999,1.08,29.17,303807.25,2619.45,2000,7.96,746.76,746.57,121.44,50954.12,9218.51,153097.09
2019,Mainpuri,1964160,2.28,42.13,119141.6,2029.96,2000,0.53,6759.88,341.87,159.27,23532.13,11578.53,71384.74
2019,Etawah,1777920,2.78,55.17,211372.52,2679.46,2000,-3.76,3778.16,679.01,123.14,30630.13,14368.02,89562.55
2020,Barmer,1343400,2.39,27.69,170728.55,2896.12,2150,6.28,3168.58,755.86,130.57,21704.42,10249.41,55594.52
2020,Jaisalmer,718575,2.11,58.42,271658.41,2113.05,2150,-1.45,5837.58,525.43,150.58,8479.28,2491.71,23926.63
2020,Jodhpur,3447999,1.55,40.9,169911.4,2156.46,2150,-0.69,3866.33,466.06,129.02,28670.6,5954.8,97971.3
2020,Bikaner,2539200,2.08,39.48,196412.1,2293.49,2150,3.92,1135.25,725.85,161.34,50118.92,9007.45,110914.97
2020,Nagaur,3578850,1.69,32.05,177109.63,2466.59,2150,-3.54,3760.07,365.83,133.98,31934.28,4523.8,113565.73
2020,Pune,10401100,2.13,50.25,152878.32,2134.5,2150,2.01,7616.18,299.16,142.81,183568.16,5613.58,431450.19
2020,Nashik,6853350,2.47,60.88,331584.72,2159.57,2150,2.38,7604.59,200.64,122.92,134153.61,14562.15,327297.67
2020,Aurangabad,4116250,2.25,46.14,240164.3,2250.98,2150,3.65,6623.71,344.7,109.9,60781.4,9291.18,193237.59
2020,Solapur,4779450,2.23,48.5,326714.56,2439.5,2150,11.29,3788.41,268.5,147.53,85206.06,12139.2,233622.67
2020,Ahmednagar,4927500,1.9,51.83,163543.86,2608.95,2150,11.45,6418.08,105.47,166.9,67757.15,6611.27,205689.21
2020,Bidar,1926100,2.66,54.17,232766.57,2722.52,2150,3.27,7216.26,452.68,143.98,17373.0,11765.36,89981.05
2020,Kalaburagi,2813200,1.64,52.38,118166.09,2888.4,2150,10.58,3497.13,614.51,165.27,37037.09,1147.67,95082.94
2020,Raichur,2082400,1.92,47.25,241228.95,2537.2,2150,5.25,3433.51,629.26,140.76,29165.24,5829.54,71780.22
2020,Vijayapura,2224949,1.19,43.14,328716.55,2142.32,2150,16.64,1562.56,283.92,132.1,23322.82,7760.96,99241.82
2020,Dharwad,1961099,1.79,54.37,181189.72,2300.73,2150,13.63,1363.14,686.89,144.62,31624.04,3300.96,109288.6
2020,Anantapur,4395200,1.44,33.48,144751.15,2523.97,2150,17.04,2238.92,353.79,114.49,68941.99,7049.88,147652.53
2020,Kurnool,4422000,2.11,34.39,243910.62,2376.9,2150,11.21,2043.38,614.24,155.07,38695.88,2424.53,206318.87
2020,Kadapa,3094300,1.34,39.54,213007.82,2268.12,2150,14.84,4457.86,529.33,141.3,47453.26,9218.07,133231.92
2020,Prakasam,3828399,2.52,51.19,294752.93,2649.65,2150,1.84,5108.63,113.56,111.21,36041.85,5275.32,126083.93
2020,Guntur,5451250,2.25,46.93,203985.87,2161.07,2150,3.83,1893.15,526.63,147.57,85819.69,14998.59,260643.27
2020,Nizamabad,2735000,1.88,32.11,180196.11,2430.36,2150,-3.77,3192.79,57.19,111.37,48635.39,14493.61,137696.96
2020,Adilabad,2955150,1.89,53.89,203387.18,2764.81,2150,6.24,1120.03,73.15,151.97,33999.23,4847.94,121893.96
2020,Karimnagar,3940500,1.3,44.79,278407.94,2701.19,2150,7.64,1349.08,135.65,152.88,70453.75,6136.06,221309.69
2020,Warangal,3687250,1.07,55.26,233388.08,2893.71,2150,-2.64,6725.53,613.51,121.85,73714.59,7296.25,171219.83
2020,Nalgonda,4044600,2.47,44.06,336113.29,2709.54,2150,0.45,6580.27,490.94,125.29,66853.39,9858.79,167362.41
2020,Villupuram,3612500,1.25,34.76,155493.35,2093.55,2150,3.07,2608.14,454.08,123.54,59420.73,5050.67,143730.98
2020,Tiruvannamalai,3155600,2.54,65.92,263899.19,2124.39,2150,17.14,6392.68,739.08,167.01,58077.46,2776.43,181748.3
2020,Salem,3753750,1.45,54.96,298136.57,2697.37,2150,10.55,4170.94,483.07,119.97,48688.77,7327.88,179330.16
2020,Dharmapuri,1693500,2.58,30.22,226333.29,2281.77,2150,16.54,3268.03,762.69,123.77,13598.26,11837.89,82652.02
2020,Namakkal,1897200,2.32,44.84,260421.01,2350.57,2150,-3.54,4508.18,213.37,130.43,20000.7,4759.52,94794.57
2020,Shivpuri,1836850,1.61,49.62,237929.61,2459.89,2150,2.91,5619.14,86.31,108.97,31973.45,7434.14,76060.62
2020,Guna,1465100,2.54,44.15,108155.13,2866.41,2150,-0.35,5664.44,148.93,144.75,14515.81,14058.16,58396.62
2020,Vidisha,1663500,2.18,36.52,193338.14,2819.77,2150,-1.19,3472.56,279.13,147.96,17981.98,10176.79,80327.43
2020,Sehore,1470000,1.0,45.57,138454.6,2237.02,2150,10.64,569.65,571.7,155.61,29191.05,6912.4,63444.36
2020,Raisen,1373450,1.13,41.82,275710.2,2130.59,2150,2.21,7107.42,152.85,152.77,23400.69,2864.05,83563.23
2020,Agra,4677200,1.26,47.72,109944.95,2601.52,2150,5.12,5918.24,521.06,112.34,60525.39,10611.93,222991.94
2020,Mathura,2750800,1.16,30.52,280686.28,2549.53,2150,3.83,7724.37,285.88,111.59,31148.99,2179.48,117826.94
2020,Firozabad,2760000,2.08,50.8,286773.54,2636.31,2150,14.5,5438.04,276.24,136.15,38955.39,11469.81,118497.47
2020,Mainpuri,1899000,1.1,62.42,327097.11,2468.1,2150,-2.41,4246.87,495.45,136.84,37471.76,14816.36,130866.72
2020,Etawah,1699200,1.24,60.93,238443.3,2356.75,2150,10.71,6220.44,765.84,152.57,13933.9,1945.46,55344.42
2021,Barmer,1277040,1.07,29.22,304134.61,2593.45,2250,9.46,4257.87,361.57,149.62,11479.48,8511.91,62049.42
2021,Jaisalmer,708500,1.5,39.2,237028.95,2320.38,2250,13.59,4522.93,343.05,145.23,12763.14,10534.78,36636.36
2021,Jodhpur,3633920,2.26,56.0,317937.4,2189.62,2250,-3.02,3758.63,390.03,143.57,42558.58,11383.71,188418.67
2021,Bikaner,2466980,1.21,55.12,282942.01,2284.95,2250,16.92,4422.54,637.24,150.85,24678.57,2777.03,118190.75
2021,Nagaur,3593040,1.48,62.26,299823.27,2163.92,2250,13.56,2539.85,97.9,150.3,53607.51,2078.98,161735.26
2021,Pune,10330600,1.65,46.78,250446.31,2468.42,2250,0.87,1271.79,480.43,150.98,110959.46,8123.55,309239.76
2021,Nashik,7033300,2.55,36.58,227483.97,2482.18,2250,-1.55,7483.7,693.11,139.94,133403.22,11369.32,331575.02
2021,Aurangabad,4050760,1.58,43.45,287477.5,2381.63,2250,-3.21,3296.06,426.53,162.63,41123.85,12260.73,221767.59
2021,Solapur,5001760,2.72,29.56,225873.73,2391.58,2250,14.43,2954.76,464.82,104.52,52058.59,8893.29,180998.92
2021,Ahmednagar,5072400,2.12,45.36,256434.19,2581.52,2250,12.77,1965.67,725.33,153.43,55499.78,1089.29,192995.87
2021,Bidar,1844840,1.42,40.66,316273.17,2926.98,2250,16.87,510.97,542.98,159.19,30857.86,2455.29,89934.8
2021,Kalaburagi,2823080,1.43,46.48,128058.67,3034.76,2250,11.37,1197.7,740.96,162.32,40192.5,10811.86,115111.17
2021,Raichur,2213500,2.75,30.2,136672.29,2257.66,2250,13.86,1061.23,475.87,132.27,43319.57,4314.8,94911.3
2021,Vijayapura,2297820,1.57,58.83,282755.16,2799.32,2250,2.32,2539.67,106.02,117.18,39888.42,9185.91,97898.43
2021,Dharwad,1940400,1.3,45.44,211732.13,2619.83,2250,17.19,2057.27,281.23,121.23,18315.36,3206.62,83557.18
2021,Anantapur,4712540,2.49,54.68,123335.62,2889.83,2250,2.54,1184.1,236.16,127.12,66736.71,10480.57,173727.47
2021,Kurnool,4667200,2.78,28.04,211220.28,2544.48,2250,12.21,2373.89,396.53,156.25,45166.9,1167.4,211025.9
2021,Kadapa,3381979,2.77,32.03,312434.76,2472.52,2250,9.5,5335.14,486.74,120.82,60040.16,1305.2,128569.39
2021,Prakasam,3934480,2.62,44.54,144690.28,2952.07,2250,14.08,2986.62,82.02,133.96,39407.24,9034.38,176008.81
2021,Guntur,5402740,1.71,27.98,278527.6,2293.03,2250,-0.06,1903.63,259.89,161.42,45468.34,9668.47,183850.94
2021,Nizamabad,2729500,1.53,43.28,246536.24,2192.38,2250,1.43,1529.27,199.59,161.5,39058.51,9830.56,147986.15
2021,Adilabad,3093660,2.43,66.38,302354.47,2460.7,2250,7.52,4135.1,734.51,136.66,39167.52,3517.42,122768.18
2021,Karimnagar,4008579,1.39,62.63,301539.14,2190.23,2250,17.81,4470.74,625.13,168.97,78919.93,2401.88,219465.87
2021,Warangal,3810800,1.48,59.45,335026.44,2187.82,2250,17.92,2145.59,684.88,155.83,46711.47,12749.11,212470.08
2021,Nalgonda,3885120,1.32,50.5,308219.15,2765.36,2250,16.02,711.55,575.42,165.59,57357.11,8883.52,153730.58
2021,Villupuram,3967120,2.78,62.07,232423.53,2415.65,2250,6.28,1176.93,224.47,118.22,56798.77,1009.57,209191.39
2021,Tiruvannamalai,3028479,1.36,32.02,286668.74,2964.4,2250,14.42,2926.92,66.43,142.13,57561.36,11841.13,182380.35
2021,Salem,4035500,2.55,65.22,203784.81,2985.23,2250,4.1,1257.74,276.32,112.87,39911.28,14281.71,189469.41
2021,Dharmapuri,1745700,2.73,52.77,155652.52,3009.37,2250,10.95,7466.34,640.24,118.51,26303.16,3454.92,68107.92
2021,Namakkal,1928480,2.24,31.89,289539.79,2991.41,2250,16.82,3437.01,795.71,166.74,16177.23,9433.44,100998.27
2021,Shivpuri,1979480,2.74,35.64,250123.83,2980.52,2250,-1.77,6090.07,228.5,167.85,19823.8,13394.48,70810.55
2021,Guna,1477840,2.28,52.36,327638.16,2539.47,2250,1.1,2371.56,100.85,120.68,13738.61,1017.94,56106.67
2021,Vidisha,1708800,2.32,65.56,327130.85,2581.27,2250,3.71,4595.18,126.07,135.17,31388.28,10113.57,101854.56
2021,Sehore,1508359,1.29,29.75,317767.06,2402.92,2250,2.33,7637.47,105.65,115.06,18862.78,11247.79,78213.04
2021,Raisen,1504360,2.62,30.52,256998.97,2689.78,2250,6.1,732.45,756.83,114.72,28096.99,3199.45,60852.48
2021,Agra,4761680,1.37,34.4,281903.28,2787.33,2250,11.79,2489.49,261.14,119.44,40929.62,9004.78,227565.79
2021,Mathura,2799680,1.28,41.23,216824.08,2402.59,2250,10.23,5001.62,199.76,105.67,28136.75,5085.36,85819.76
2021,Firozabad,2878000,2.52,39.13,209548.62,2577.69,2250,10.2,1183.53,458.09,116.02,53605.38,6171.62,136390.22
2021,Mainpuri,1958760,1.47,45.4,168214.89,2379.21,2250,-3.58,6141.76,550.6,109.57,23750.94,8580.29,105265.43
2021,Etawah,1797760,2.06,48.94,316568.44,2874.06,2250,4.63,4516.36,700.17,134.86,33402.1,7667.67,76903.75
2022,Barmer,1420080,2.62,55.67,246382.3,3078.93,2350,13.41,5581.51,515.2,113.32,24263.86,3420.31,83356.65
2022,Jaisalmer,775124,2.75,59.44,151162.91,2630.47,2350,17.73,3765.45,797.95,146.27,13959.44,4610.41,45819.49
2022,Jodhpur,3793600,2.65,29.78,217505.52,2606.01,2350,2.5,2571.51,393.62,162.28,66155.1,9722.81,184509.67
2022,Bikaner,2583360,1.76,43.68,156738.99,2785.16,2350,12.44,7547.37,743.7,142.07,23797.62,5005.3,99000.98
2022,Nagaur,3674220,1.62,43.54,216224.91,2688.95,2350,9.01,780.99,256.56,114.85,56229.76,10711.26,131850.35
2022,Pune,11110800,2.6,40.36,179378.84,2933.5,2350,16.18,7227.74,65.17,158.63,129292.6,4924.85,430012.94
2022,Nashik,7060750,2.25,31.03,339292.38,2358.82,2350,17.41,3823.33,669.37,123.01,91798.74,10037.77,268567.93
2022,Aurangabad,4057420,1.38,60.06,306881.32,2946.42,2350,14.95,6657.63,436.45,115.83,47607.64,8095.13,141639.75
2022,Solapur,5061530,2.53,62.27,126532.57,2413.7,2350,14.16,6777.33,237.12,135.17,96251.94,10864.88,215304.09
2022,Ahmednagar,5281200,2.48,47.31,280149.3,2348.94,2350,-4.3,3293.5,495.53,117.04,97415.8,9216.32,246049.0
2022,Bidar,1853510,1.29,62.88,308911.86,2880.02,2350,1.56,3399.24,172.18,142.7,36289.89,12999.56,111512.73
2022,Kalaburagi,3004040,2.22,37.86,222928.17,2251.35,2350,12.95,6256.8,56.67,164.75,47369.08,9415.99,109085.92
2022,Raichur,2092849,1.45,59.3,196572.94,3141.5,2350,9.78,3678.55,332.36,128.17,23071.53,7533.77,95060.69
2022,Vijayapura,2464560,2.48,42.99,145115.66,2713.32,2350,10.23,6824.63,330.67,147.58,37728.97,5178.66,87262.32
2022,Dharwad,1939860,1.11,66.63,281462.65,3042.3,2350,1.01,5833.2,719.28,124.92,19008.98,11716.64,105357.75
2022,Anantapur,4803150,2.45,59.19,271188.44,2853.4,2350,10.66,5909.62,541.55,170.34,53377.96,6859.92,187699.53
2022,Kurnool,4296800,1.06,55.42,264098.35,2411.02,2350,11.71,2167.72,450.98,156.52,81116.36,10406.16,219130.49
2022,Kadapa,3411560,2.52,60.73,341216.13,2402.77,2350,-2.76,1459.58,243.99,158.04,58525.38,3562.96,184844.95
2022,Prakasam,3780800,1.6,30.67,209193.28,2932.06,2350,2.06,6410.68,298.49,122.44,43587.38,12916.99,158138.72
2022,Guntur,5778080,2.56,50.44,358391.44,2299.44,2350,15.46,4253.58,700.62,130.31,66911.72,1756.87,306177.58
2022,Nizamabad,2718750,1.25,35.11,222848.29,2767.74,2350,15.85,3931.79,287.29,152.02,47162.96,7826.13,139284.18
2022,Adilabad,2949480,1.32,52.48,120393.93,2489.62,2350,12.51,1764.54,623.36,137.32,50621.42,2232.58,136097.9
2022,Karimnagar,4254260,2.14,43.24,363717.54,2592.82,2350,-4.13,1995.61,329.83,106.42,50483.42,12665.2,164821.92
2022,Warangal,4043900,2.22,52.17,182226.9,2884.41,2350,2.92,1466.98,337.66,143.76,40456.16,12533.81,144307.94
2022,Nalgonda,3983040,1.52,56.21,270260.5,2550.07,2350,15.42,7966.04,307.05,164.09,49035.25,3637.96,212309.89
2022,Villupuram,4030700,2.65,43.24,177058.35,2916.04,2350,-1.98,6005.57,492.27,116.48,49977.04,10107.57,128040.42
2022,Tiruvannamalai,3305680,2.58,37.33,254647.98,2278.17,2350,17.88,5464.77,540.18,106.78,53806.54,6834.86,148685.44
2022,Salem,3987550,1.99,46.08,157987.09,2885.98,2350,9.5,2758.37,546.25,148.56,44818.97,9478.88,128828.25
2022,Dharmapuri,1762500,2.5,31.3,301263.48,2343.17,2350,-2.38,1296.98,198.98,118.48,19662.32,8324.05,68967.37
2022,Namakkal,1970130,2.27,38.91,129181.47,2699.07,2350,-0.22,7498.43,297.95,105.68,31639.49,13696.32,109896.62
2022,Shivpuri,1961799,2.2,33.07,142017.94,2713.5,2350,11.64,1259.68,241.92,120.53,38969.16,5144.31,93928.92
2022,Guna,1407380,1.18,34.09,129191.3,2505.63,2350,13.44,2845.3,603.91,111.67,24064.01,1642.45,72703.72
2022,Vidisha,1729950,2.19,33.92,209761.69,2643.95,2350,9.3,7088.57,119.71,158.47,17635.86,6610.89,90341.37
2022,Sehore,1546020,1.49,42.53,334675.11,2984.41,2350,9.92,6476.82,134.79,150.75,13456.18,14194.54,61978.34
2022,Raisen,1459250,1.75,50.73,322413.67,2870.19,2350,-0.83,3348.13,318.95,107.37,23659.65,12739.51,97507.69
2022,Agra,4781920,1.24,63.92,147807.06,2619.11,2350,-3.94,2462.1,285.68,151.3,77156.98,11745.4,222832.76
2022,Mathura,2967640,2.02,66.22,288871.58,2550.5,2350,7.03,5754.35,121.43,148.51,32593.36,5840.49,139897.31
2022,Firozabad,2795750,1.69,60.66,260628.6,3161.02,2350,-3.74,5325.49,167.7,160.67,50945.43,13171.82,116691.34
2022,Mainpuri,2036880,1.88,36.74,364937.74,2279.83,2350,0.12,5324.88,352.46,120.77,27516.49,12217.66,102636.22
2022,Etawah,1884480,2.54,44.98,149268.45,2700.03,2350,10.03,1269.82,359.25,141.71,15079.68,2272.54,71114.13
2023,Barmer,1402560,2.11,39.58,259611.17,2581.85,2500,10.44,8237.88,322.51,110.53,14972.35,8098.68,66281.34
2023,Jaisalmer,760240,2.12,46.33,299080.74,3090.91,2500,-2.38,6690.49,216.31,129.19,13652.85,15952.28,48462.7
2023,Jodhpur,3696640,1.94,55.48,136940.35,2539.16,2500,-1.77,6346.53,591.17,113.95,56670.31,3988.17,191749.22
2023,Bikaner,2614640,1.71,45.68,332032.69,3091.79,2500,-2.52,3897.21,744.97,161.44,39391.47,12991.04,129121.72
2023,Nagaur,3878160,2.19,65.65,160505.47,2873.83,2500,7.2,933.43,751.48,161.52,53499.93,8928.33,200389.85
2023,Pune,10392640,1.32,50.54,318527.18,2503.38,2500,3.91,5404.42,712.02,139.77,131113.04,16184.31,576096.88
2023,Nashik,7256560,2.37,38.34,380345.01,3345.49,2500,5.42,1620.31,359.56,152.5,123224.53,5703.26,393590.61
2023,Aurangabad,4454800,2.55,55.87,372897.8,3007.58,2500,-0.38,5595.76,267.93,129.44,71581.89,16212.57,245798.77
2023,Solapur,5235680,2.72,47.56,308931.54,2697.38,2500,-2.35,3393.13,410.28,144.09,83801.7,7529.16,282563.53
2023,Ahmednagar,5403600,2.51,38.84,349504.25,3183.3,2500,7.02,744.7,159.0,150.57,56191.11,12652.85,190406.44
2023,Bidar,1906719,1.52,37.42,347404.06,3065.59,2500,1.79,6644.11,74.23,159.91,17598.56,14467.74,102427.29
2023,Kalaburagi,3132480,2.56,57.1,273648.95,2612.6,2500,13.04,7010.46,265.73,150.19,59886.18,7068.34,194009.63
2023,Raichur,2319520,2.76,39.91,271223.44,2387.97,2500,0.78,5566.55,635.69,163.56,41658.12,15136.89,137539.97
2023,Vijayapura,2464560,2.17,57.6,269762.33,2978.39,2500,12.85,8350.75,270.63,118.53,39905.92,3979.44,97024.47
2023,Dharwad,2076480,1.92,42.49,238440.27,2931.6,2500,-2.01,5270.29,241.26,128.49,34295.71,3484.01,80505.91
2023,Anantapur,4618240,1.58,29.43,372067.67,2990.61,2500,10.22,4513.46,479.51,130.28,80396.06,5995.03,199876.22
2023,Kurnool,4425600,1.33,30.13,258763.22,2790.93,2500,7.35,1284.76,215.9,120.87,53030.2,6656.29,159553.08
2023,Kadapa,3445200,2.35,48.62,389106.56,3198.69,2500,17.57,611.31,551.7,135.97,64955.65,10551.0,195729.85
2023,Prakasam,4142559,2.73,54.7,209912.5,3290.93,2500,16.73,3665.6,455.18,125.38,78443.63,13760.48,194184.8
2023,Guntur,5860400,2.45,45.22,136429.46,3273.28,2500,-0.57,4702.55,761.16,117.88,114133.13,9384.81,214391.57
2023,Nizamabad,2723999,1.12,54.21,329954.02,3239.95,2500,4.76,1381.81,453.32,152.68,53702.79,13038.18,159028.41
2023,Adilabad,3281040,2.69,57.28,165575.71,2834.23,2500,2.63,1248.92,90.7,158.62,48221.48,9954.42,126888.72
2023,Karimnagar,4135119,1.47,42.92,291933.62,2808.03,2500,-4.61,5993.72,451.13,148.69,63764.33,12741.79,208724.43
2023,Warangal,4132800,2.26,30.3,370918.26,2481.14,2500,13.1,2980.94,114.88,156.74,54768.34,7184.74,212593.82
2023,Nalgonda,4132800,1.85,48.74,160968.36,2765.99,2500,13.34,4960.37,770.1,116.36,66651.6,15178.2,218406.05
2023,Villupuram,4028320,2.31,42.33,376598.15,2928.52,2500,7.77,1538.2,53.77,145.78,58192.4,15683.48,182162.79
2023,Tiruvannamalai,3326400,2.35,63.54,215989.46,2787.65,2500,9.86,4691.68,170.72,121.35,59931.68,4092.62,133601.9
2023,Salem,4183200,2.44,61.49,350588.02,3307.37,2500,17.87,4276.25,462.25,125.89,36847.1,2612.32,191252.49
2023,Dharmapuri,1725599,1.88,40.63,158802.66,3030.47,2500,-2.7,5558.08,725.09,127.66,23136.4,10591.67,72198.58
2023,Namakkal,1978799,2.05,50.02,221463.66,2691.33,2500,4.85,579.14,234.63,121.4,33397.76,7816.31,112496.82
2023,Shivpuri,1868640,1.24,56.72,357615.32,2837.85,2500,3.25,3014.32,463.75,118.43,28551.94,14063.61,118390.46
2023,Guna,1430000,1.25,48.94,194609.83,3261.34,2500,-3.24,1150.74,63.97,139.97,11975.29,10061.11,57738.19
2023,Vidisha,1747200,2.06,63.65,271082.73,2918.47,2500,17.97,4364.04,631.4,130.78,18659.54,12991.03,92350.9
2023,Sehore,1570240,1.52,45.99,260161.26,2771.79,2500,6.55,5907.7,685.99,159.43,24132.13,3653.99,74129.11
2023,Raisen,1487200,1.8,34.57,376398.38,3034.41,2500,17.26,6500.95,412.63,130.32,15802.73,8609.69,55086.38
2023,Agra,4984320,1.66,29.11,179636.48,3282.73,2500,3.31,4344.36,390.98,110.02,98525.44,6090.7,258983.63
2023,Mathura,3003520,1.94,60.59,346208.13,2638.32,2500,7.52,1948.18,540.26,130.74,47575.87,13966.22,157353.48
2023,Firozabad,2836000,1.68,63.69,261741.8,2727.9,2500,14.96,4483.58,411.58,146.27,39766.52,3240.11,103818.76
2023,Mainpuri,1964160,1.14,53.14,180894.34,2561.91,2500,3.33,6350.15,138.75,121.97,34832.55,12191.94,100151.57
2023,Etawah,1838080,1.86,35.83,167562.51,3208.36,2500,-4.48,889.47,480.11,117.47,28590.39,1703.54,81661.07
2024,Barmer,1318800,1.1,38.03,180288.4,3499.9,2625,8.79,5483.36,63.97,155.27,21022.91,5962.04,50430.99
2024,Jaisalmer,755885,1.81,67.41,370729.49,2672.85,2625,14.1,5807.3,645.96,161.83,7696.88,12282.1,39739.1
2024,Jodhpur,3862400,2.3,41.41,256056.58,3113.88,2625,0.29,3933.52,131.43,121.65,70740.24,9673.24,184707.8
2024,Bikaner,2562890,1.27,31.55,262263.35,3139.24,2625,-4.1,7399.65,427.5,116.14,35334.29,3389.52,119137.87
2024,Nagaur,4039530,2.49,63.58,345116.59,3175.44,2625,7.01,3802.28,82.58,142.94,43440.44,14678.64,212176.68
2024,Pune,10829740,1.69,51.26,335840.29,3293.37,2625,11.02,1430.14,150.41,139.51,116854.57,15632.09,406387.75
2024,Nashik,7516420,2.58,44.05,182777.72,3238.36,2625,13.16,5608.49,138.37,108.97,119169.48,12754.48,304499.0
2024,Aurangabad,4249450,1.65,33.89,310951.69,2760.06,2625,14.66,4264.99,324.23,126.41,68702.0,13883.53,203653.25
2024,Solapur,5232670,2.41,47.0,232986.01,3076.41,2625,0.84,3247.88,308.27,154.36,88062.64,15563.98,270751.92
2024,Ahmednagar,5451750,2.35,45.56,324179.2,2663.63,2625,-0.07,4064.88,303.83,144.29,89216.19,13074.07,225658.32
2024,Bidar,2119220,2.74,27.91,155640.65,2646.34,2625,16.29,4367.78,98.06,122.92,18989.22,1834.29,72495.83
2024,Kalaburagi,3248180,2.77,52.26,274770.64,3240.94,2625,8.74,8807.73,665.17,150.12,43095.76,4588.68,154319.76
2024,Raichur,2318950,2.45,39.14,139713.15,3123.24,2625,6.86,2595.54,177.11,110.84,25209.49,1204.83,70167.29
2024,Vijayapura,2627310,2.79,58.89,228251.68,2908.65,2625,8.48,5084.36,602.69,112.96,23861.2,5979.5,124127.83
2024,Dharwad,2229300,2.65,41.62,397327.01,2784.08,2625,8.95,2272.37,747.29,145.87,24819.44,8039.86,82858.35
2024,Anantapur,4516970,1.13,39.47,392817.99,3336.84,2625,17.0,8202.18,659.86,145.87,73763.49,17429.73,242710.62
2024,Kurnool,4860400,2.39,58.0,396759.25,2975.54,2625,5.6,5685.39,70.51,116.06,42823.29,11845.52,274944.0
2024,Kadapa,3479420,2.22,36.9,217888.98,3496.97,2625,6.88,664.59,674.13,124.64,31718.79,12518.13,164508.27
2024,Prakasam,3748840,1.14,64.96,262453.52,2864.96,2625,15.57,2920.96,760.34,152.9,70924.79,9583.19,163932.52
2024,Guntur,5923120,2.32,62.61,187698.36,2706.65,2625,0.74,5961.79,167.0,115.43,112789.58,12553.64,310236.68
2024,Nizamabad,2972500,2.1,58.27,280442.43,2538.13,2625,6.09,5979.81,419.26,172.55,55775.98,15795.32,160416.04
2024,Adilabad,3373110,2.77,64.34,208061.88,2726.95,2625,8.26,1051.09,649.45,139.59,48873.72,9641.58,145215.87
2024,Karimnagar,4445920,2.24,34.69,400990.14,3226.91,2625,5.58,6576.13,58.86,122.2,66564.75,6667.33,229634.0
2024,Warangal,3963050,1.47,49.64,196111.26,2988.66,2625,9.1,3763.54,424.08,122.18,65027.91,7454.8,212441.77
2024,Nalgonda,4086000,1.5,34.9,166738.66,3098.44,2625,0.26,1448.87,252.46,123.83,53880.55,7598.84,139602.84
2024,Villupuram,4235380,2.73,33.68,353650.7,2679.19,2625,6.49,9241.39,687.04,142.11,70505.2,14393.59,197950.9
2024,Tiruvannamalai,3306519,2.01,50.41,240797.17,3218.82,2625,-3.62,7660.22,407.4,149.44,44301.59,6822.23,134476.44
2024,Salem,4133149,2.01,64.97,201812.78,2514.58,2625,-2.21,8126.11,772.34,121.43,61628.28,12105.4,159829.01
2024,Dharmapuri,1824000,2.4,41.9,316941.74,3005.62,2625,11.94,8319.8,335.8,127.12,28418.92,3633.45,72856.36
2024,Namakkal,2074849,2.45,41.2,305325.86,3093.97,2625,14.52,1200.69,171.5,123.33,24488.49,6094.79,81394.74
2024,Shivpuri,2030479,2.16,38.55,253681.34,3399.7,2625,3.35,5686.2,774.14,135.41,20724.36,1588.1,90668.4
2024,Guna,1556230,2.19,65.32,324563.12,2577.82,2625,-1.16,1476.18,97.84,165.61,22691.71,1642.93,68845.78
2024,Vidisha,1821300,2.38,31.03,203125.52,2656.79,2625,10.06,8283.6,282.03,124.58,20781.22,11724.88,68516.34
2024,Sehore,1716260,2.51,28.84,314269.47,3397.14,2625,2.48,4722.55,781.24,143.64,19340.49,8673.39,98722.04
2024,Raisen,1564420,2.26,34.78,295990.58,3156.35,2625,9.62,5486.67,442.59,150.07,18328.64,7032.43,73435.08
2024,Agra,5370200,2.45,45.37,231758.56,2766.55,2625,1.98,580.8,661.53,163.62,65122.37,9082.53,167505.52
2024,Mathura,3222440,2.66,65.58,262595.29,2503.34,2625,4.9,3128.43,223.41,108.97,40228.06,8117.16,148694.48
2024,Firozabad,2884750,1.71,34.23,334655.36,2902.96,2625,3.7,2867.93,366.68,124.07,49544.02,16487.23,177586.07
2024,Mainpuri,2161260,2.23,39.09,336265.04,3343.0,2625,4.5,8005.29,186.81,127.32,33807.97,11577.85,99371.89
2024,Etawah,1905280,2.12,35.21,135774.46,2545.86,2625,7.3,2197.66,126.71,126.0,31594.02,13415.4,84668.0
2025,Barmer,1352400,1.27,47.74,234812.81,2955.23,2750,13.39,9901.06,397.76,161.44,16178.74,16652.54,85586.11
2025,Jaisalmer,721500,1.1,59.03,156630.18,3129.66,2750,-0.58,8446.32,662.94,163.84,6827.94,15280.25,37413.58
2025,Jodhpur,3964800,2.39,45.72,349171.89,2649.36,2750,5.6,7790.26,440.85,173.84,54214.3,13702.25,175198.69
2025,Bikaner,2663400,1.58,53.17,148191.73,3643.66,2750,6.98,2975.81,528.89,122.92,49673.04,17018.57,119969.67
2025,Nagaur,3696000,1.2,53.32,229784.4,2796.6,2750,1.35,1732.74,641.86,110.58,31430.49,15559.25,150951.56
2025,Pune,11345800,2.07,42.86,161859.69,2785.97,2750,-2.9,6373.4,748.14,174.8,175877.92,2387.91,520174.0
2025,Nashik,7478600,2.26,59.66,172364.14,2868.44,2750,17.58,7953.62,617.52,162.36,99200.84,4811.97,338154.88
2025,Aurangabad,4306800,1.64,33.39,395713.62,3146.33,2750,5.06,3360.85,572.78,122.34,44099.57,7627.5,217306.96
2025,Solapur,4945000,1.5,61.25,400282.99,3222.47,2750,-3.42,2061.74,271.75,127.12,61344.47,1313.1,240786.56
2025,Ahmednagar,5256000,1.68,35.42,141410.04,3555.01,2750,12.85,2840.71,590.75,152.79,76041.07,8352.33,222386.96
2025,Bidar,2023000,1.9,50.06,313168.34,2967.36,2750,9.74,1647.32,442.4,114.33,36459.15,3661.89,120483.33
2025,Kalaburagi,2953600,1.36,47.41,164539.79,3240.61,2750,14.23,6738.67,444.37,155.59,32700.08,7967.64,125988.36
2025,Raichur,2114700,1.13,65.21,196325.31,3153.05,2750,15.46,1363.6,650.76,113.95,31078.14,18376.04,103696.51
2025,Vijayapura,2448600,1.66,56.34,374032.82,2904.9,2750,-4.06,1274.61,277.93,171.4,47813.91,3067.57,143838.59
2025,Dharwad,2152800,1.96,35.58,288069.49,2886.14,2750,9.38,2283.75,611.9,136.99,19948.21,12922.96,90216.18
2025,Anantapur,4850300,1.83,54.61,391136.14,2795.99,2750,-0.85,4354.48,303.13,120.28,96914.83,9362.82,246245.65
2025,Kurnool,4628000,1.57,67.66,229825.04,3021.39,2750,12.58,4624.47,594.4,149.55,68298.8,5193.49,233213.83
2025,Kadapa,3674299,2.67,38.16,413917.36,3104.75,2750,4.13,7374.71,787.22,148.72,52216.61,19380.1,173372.61
2025,Prakasam,3923599,1.54,36.88,383303.2,2636.37,2750,13.9,7034.39,256.97,145.99,57582.26,18151.79,168644.07
2025,Guntur,5424300,1.07,42.23,175999.97,3016.29,2750,8.39,2786.85,658.31,115.97,69417.91,18005.45,262194.64
2025,Nizamabad,3075000,2.3,59.72,185968.82,3520.78,2750,10.86,5978.96,730.74,148.69,35684.51,14600.37,137966.39
2025,Adilabad,3007799,1.14,30.24,358790.53,2995.22,2750,13.79,4493.65,700.87,166.54,32245.45,13180.58,148526.77
2025,Karimnagar,4077400,1.02,59.1,246538.73,2947.76,2750,-4.05,5641.35,162.19,142.66,43422.54,2219.46,185569.4
2025,Warangal,4098500,1.71,45.82,307993.2,3167.7,2750,0.11,3314.98,345.74,118.59,36847.73,11700.22,127783.41
2025,Nalgonda,4219200,1.72,31.4,281026.88,3463.71,2750,-2.0,1874.3,469.47,141.71,66777.2,4869.01,206493.56
2025,Villupuram,4188800,2.32,37.85,156705.11,3466.95,2750,2.44,9214.48,117.2,153.66,54799.92,7639.2,156503.91
2025,Tiruvannamalai,3379600,2.07,28.97,224092.65,3698.92,2750,9.17,9828.48,381.66,119.48,28856.82,16190.73,115953.99
2025,Salem,4084500,1.67,58.31,382448.84,2736.11,2750,-3.75,9445.15,745.05,166.47,72874.05,1549.95,228117.14
2025,Dharmapuri,1680000,1.2,46.0,142574.21,2842.41,2750,7.37,2515.35,442.45,126.81,23177.81,14584.61,69478.81
2025,Namakkal,2084200,2.26,28.74,304488.43,3342.38,2750,-4.0,2203.97,263.01,161.3,32129.15,2266.15,104551.84
2025,Shivpuri,1873400,1.02,43.55,214408.7,3549.79,2750,10.18,8657.83,64.31,166.38,29586.48,5507.27,81755.38
2025,Guna,1658800,2.76,31.98,227166.78,3565.95,2750,7.23,2353.68,425.49,139.77,31709.95,1691.09,70233.91
2025,Vidisha,1792500,1.95,41.34,249692.55,2785.21,2750,2.98,3892.79,518.92,125.35,35382.03,10422.78,111216.55
2025,Sehore,1698200,2.13,63.15,393326.2,3508.84,2750,-4.32,5780.94,260.15,119.86,31868.6,13256.16,81464.08
2025,Raisen,1519700,1.69,66.42,312997.59,3300.58,2750,0.23,2855.36,164.56,173.08,28747.9,7292.98,83498.71
2025,Agra,5002800,1.37,33.54,292451.26,3492.62,2750,14.84,3493.69,578.85,144.05,48142.09,19421.48,271269.17
2025,Mathura,2927599,1.26,65.32,401045.4,2961.75,2750,7.82,9441.99,138.79,130.64,54323.52,14532.85,185172.42
2025,Firozabad,3145000,2.58,44.56,254851.76,3099.8,2750,16.48,8935.41,749.94,127.8,54563.53,3243.24,126004.18
2025,Mainpuri,2226600,2.37,52.48,213123.3,3236.25,2750,0.31,2779.3,565.53,133.35,36199.38,9974.16,108248.79
2025,Etawah,1934400,2.09,56.48,244074.27,3549.84,2750,6.3,1898.87,194.94,112.09,33222.29,1573.26,79389.73
2026,Barmer,1429680,1.74,57.99,438962.44,3634.02,2900,-3.48,9838.32,789.22,167.86,19842.98,7767.95,73345.61
2026,Jaisalmer,752959,1.44,44.49,154185.53,3607.98,2900,3.75,3757.69,508.63,159.76,11389.01,11694.52,48740.72
2026,Jodhpur,4051840,2.42,49.13,277489.33,3714.33,2900,-4.02,10518.78,439.03,137.21,68160.22,12330.94,199906.87
2026,Bikaner,2841420,2.14,30.27,229215.87,3216.73,2900,2.0,8853.45,396.01,138.96,43637.42,2469.11,127946.21
2026,Nagaur,3757380,1.26,61.5,277515.95,3593.27,2900,-2.4,8369.44,753.38,156.75,36159.82,9505.76,151150.37
2026,Pune,10764880,1.32,51.91,356031.69,2989.24,2900,5.46,3135.81,568.79,170.47,189007.98,15480.14,443735.42
2026,Nashik,6911910,1.21,46.28,250809.67,3362.63,2900,3.83,8491.56,433.75,173.23,86703.99,8859.9,337375.17
2026,Aurangabad,4774480,2.64,50.92,340052.68,2929.1,2900,14.98,2430.78,584.04,138.77,55929.31,16465.16,216186.13
2026,Solapur,5307490,2.13,33.0,181189.72,2990.31,2900,9.32,3165.8,393.98,167.1,77075.44,1512.71,268842.21
2026,Ahmednagar,5207850,1.43,51.85,284741.74,3230.78,2900,-3.17,6601.01,233.53,147.08,80394.58,12327.95,288134.19
2026,Bidar,1903829,1.09,34.23,338171.01,2797.6,2900,14.64,7263.27,678.51,130.9,36257.69,2361.01,94721.33
2026,Kalaburagi,2977520,1.32,55.18,325476.91,3557.16,2900,8.68,8454.35,183.06,141.1,44506.76,19657.0,125280.24
2026,Raichur,2221860,1.54,43.04,255622.85,2833.49,2900,4.83,6109.66,269.62,120.25,36295.05,6778.6,109941.66
2026,Vijayapura,2548140,1.94,56.13,325766.97,2881.79,2900,11.78,6886.89,790.39,142.94,41442.57,19704.28,171448.52
2026,Dharwad,2100960,1.52,52.65,236831.41,3364.45,2900,17.89,4163.15,147.28,148.07,29910.25,13784.41,103124.43
2026,Anantapur,4695320,1.32,52.68,354813.85,3890.94,2900,-4.96,897.47,519.1,119.17,85346.07,17071.46,304639.85
2026,Kurnool,4770000,1.75,41.65,310229.03,3494.5,2900,-4.74,2651.75,261.22,162.86,55776.9,11331.12,190564.04
2026,Kadapa,3222190,1.01,55.73,244315.7,3595.3,2900,9.17,948.26,181.72,132.98,38844.28,14580.47,175444.45
2026,Prakasam,4312560,2.44,54.13,286482.0,3482.55,2900,15.52,5975.98,301.33,162.46,55922.85,15954.66,233511.0
2026,Guntur,5730060,1.54,57.3,236534.8,3376.63,2900,-0.21,7446.38,649.65,169.22,70153.96,20404.42,224891.12
2026,Nizamabad,2791500,1.06,67.64,330117.11,3732.19,2900,8.13,4516.71,496.39,167.7,47507.09,15223.22,134894.02
2026,Adilabad,3014820,1.06,44.85,291163.68,3030.67,2900,5.39,10072.19,212.1,131.15,28178.85,16784.9,156033.73
2026,Karimnagar,4774480,2.64,46.05,149102.87,3314.89,2900,6.5,2543.1,742.73,159.11,68196.45,16600.45,174687.1
2026,Warangal,4489450,2.57,61.19,423851.38,3539.99,2900,-1.95,7833.25,394.53,157.89,64056.09,1480.55,264052.79
2026,Nalgonda,4487040,2.24,52.07,167801.14,3296.58,2900,-3.94,5813.72,544.24,131.81,66994.73,7518.0,232626.04
2026,Villupuram,3990920,1.58,36.0,224843.85,3125.21,2900,5.15,1824.74,161.99,129.29,32658.02,13609.72,160880.07
2026,Tiruvannamalai,3221960,1.37,42.31,237432.11,2919.21,2900,11.2,3464.35,233.62,116.13,49486.58,8039.28,146493.9
2026,Salem,3973550,1.23,47.13,344856.73,2877.88,2900,-3.76,4882.01,184.24,150.25,60052.56,17789.02,223642.1
2026,Dharmapuri,1848150,2.11,40.8,387568.29,3581.96,2900,10.43,5941.5,780.26,160.62,25113.3,3983.19,102855.38
2026,Namakkal,2197420,2.66,47.03,278685.28,3548.99,2900,11.33,5267.43,223.77,126.05,40285.64,13492.06,139417.35
2026,Shivpuri,2019770,1.71,56.28,341752.85,3669.98,2900,15.3,5147.5,72.7,142.4,24676.12,10440.34,80802.7
2026,Guna,1640340,2.38,52.48,179932.86,2874.4,2900,13.8,8547.9,294.4,153.71,28720.99,11841.81,82126.99
2026,Vidisha,1787100,1.74,53.13,306477.86,3884.71,2900,3.83,4033.07,660.44,149.91,31116.57,9932.93,106152.63
2026,Sehore,1704920,1.98,37.75,340980.03,2845.36,2900,16.41,6344.46,414.97,149.99,23110.02,12279.72,103110.0
2026,Raisen,1488760,1.32,66.54,162544.94,2881.14,2900,13.72,8296.3,334.18,143.63,23704.0,3174.45,77421.48
2026,Agra,5658400,2.6,64.43,333012.37,2755.21,2900,-1.63,2137.24,448.44,136.85,84509.21,5235.07,293748.14
2026,Mathura,3049020,1.57,51.11,416383.16,3108.28,2900,16.7,4963.8,786.94,133.88,27659.03,1559.14,169708.38
2026,Firozabad,2975750,1.73,33.4,230120.17,3183.3,2900,7.62,1185.96,577.52,164.85,36634.27,18280.46,164426.66
2026,Mainpuri,2081160,1.42,56.39,260235.34,3124.03,2900,3.8,4437.49,458.84,154.56,28508.68,5089.25,88904.53
2026,Etawah,2068160,2.66,61.9,188019.03,3912.05,2900,10.41,1989.35,103.81,112.52,34447.42,10939.35,97878.18
